<?xml version='1.0'?>
<module>
	<name>EmailTemplates</name>
	<label>Email Templates</label>
	<parent>Tools</parent>
	<type>extension</type>
	<version>1.0</version>
	<dependencies>
		<mycrm_version>6.0.0rc</mycrm_version>
		<mycrm_max_version>6.*</mycrm_max_version>
	</dependencies>
	<tables>
        <table>
            <name>mycrm_emailtemplates</name>
			 <sql><![CDATA[CREATE TABLE `mycrm_emailtemplates` (
					`foldername` varchar(100) DEFAULT NULL,
					`templatename` varchar(100) DEFAULT NULL,
					`subject` varchar(100) DEFAULT NULL,
					`description` text,
					`body` text,
					`deleted` int(1) NOT NULL DEFAULT '0',
					`templateid` int(19) NOT NULL AUTO_INCREMENT,
					PRIMARY KEY (`templateid`),
					KEY `emailtemplates_foldernamd_templatename_subject_idx` (`foldername`,`templatename`,`subject`
				) ENGINE=InnoDB AUTO_INCREMENT=1 DEFAULT CHARSET=utf8]]>
            </sql>
		</table>
		<table>
			<name>mycrm_emailtemplates_seq</name>
			<sql><![CDATA[CREATE TABLE  `mycrm_emailtemplates_seq` (
					`id` int(11) NOT NULL
					) ENGINE=InnoDB DEFAULT CHARSET=utf8]]>
			</sql>
		</table>
	</tables>	
</module>
