<?xml version="1.0"?>
<module>
	<type>language</type>
	<name>Język Polski</name>
	<label>Język Polski</label>
	<prefix>pl_pl</prefix>
	<version>0.7</version>
	<encoding>UTF-8</encoding>
	<author>OpenSaaS Sp. z o.o. - http://opensaas.pl</author>
	<license>Mycrm Public License</license>
	<dependencies>
		<mycrm_version>6.0.0rc</mycrm_version>
		<mycrm_max_version>6.*</mycrm_max_version>
	</dependencies>
	<license>
		<inline><![CDATA[
		*************************************************************************************
		* Terms & Conditions are placed on the: http://opensaas.pl                          *
		*************************************************************************************
		*  Language     : Polish                                                            *
		*  Mycrm       : 6.x                                                               *
		*  Author       : OpenSaaS Sp. z o.o., NetInteractive, Michał Zygmuntowicz          *
		*  Help/Email   : bok@opensaas.pl                                                   *
		*  Licence      : Mycrm Public License Version                                     *
		*  Website      : www.opensaas.pl                                                   *
		*************************************************************************************   
		]]></inline>
	</license>
</module>