<?xml version="1.0"?>
<module>
	<type>language</type>
	<name>Pack de langue français</name>
	<label>Pack de langue français</label>
	<prefix>fr_fr</prefix>
	<version>0.8</version>
	<encoding>UTF-8</encoding>
	<author>ABOnline solutions - http://www.abo-s.com</author>
	<license>Mycrm Public License</license>
	<dependencies>
		<mycrm_version>6.0.0</mycrm_version>
		<mycrm_max_version>6.*</mycrm_max_version>
	</dependencies>
	<license>
		<inline><![CDATA[
		*************************************************************************************
		* Publish by http://www.abo-s.com                       						    *
		*************************************************************************************
		*  Language     : French                                                            *
		*  Mycrm       : 6.x                                                               *
		*  Author       : ABOnline solutions, Boris CLEMENT						            *
		*  Help/Email   :                                                   			    *
		*  Licence      : Mycrm Public License Version                                     *
		*  Website      : www.abo-s.com                                                     *
		*************************************************************************************   
		]]></inline>
	</license>
</module>