<?xml version="1.0"?>
<module>
  <type>language</type>
  <name>British English</name>
  <label>British English</label>
  <prefix>en_gb</prefix>
  <version>1.0.0</version>
	<dependencies>
		<mycrm_version>6.1.0</mycrm_version>
		<mycrm_max_version>6.*</mycrm_max_version>
	</dependencies>
  <license>
   <inline><![CDATA[
 ********************************************************************************
 ** The contents of these files are subject to the mycrm CRM Public License
  * Version 1.0. You may not use this file except in compliance with the License
  * The Original Code is:  mycrm CRM Open Source
  * The Initial Developer of the Original Code is mycrm.
  * Portions created by mycrm are Copyright (C) mycrm.
  * All Rights Reserved.
 ********************************************************************************
 *  Language     : British English
 *  Version      : 1.0.0
 *  Author       : Alan Lord. Libertus Solutions - http://www.libertus.co.uk
 ********************************************************************************
]]></inline>
  </license>
</module>
